,Beijing,said,it,wants,the,country,to,be,a,leader,in,artificial,intelligence
0,bouncing,set,the,country,to,be,a,leader,in,artificial,intelligence,-,-
1,Belgium,set,in,once,the,country,to,be,a,leader,in,artificial,intelligence
2,Belgium,said,it,once,the,country,to,be,a,leader,in,artificial,intelligence
3,Beijing,said,it,once,the,country,-,-,-,-,-,-,-
4,set,it,once,the,country,to,be,a,leader,-,-,-,-
5,Beijing,said,it,once,the,country,to,be,a,leader,in,artificial,intelligence
6,Legends,at,A1C,country,to,be,a,leader,in,artificial,intelligence,-,-
7,Beijing,set,is,one,the,country,to,be,a,leader,in,artificial,intelligence
8,badging,status,once,the,country,to,be,a,leader,in,artificial,intelligence,-
