,The,technology,can,be,gradually,applied,to,numerous,applications
0,The,technology,can,be,gradually,applied,to,numerous,application
1,The,technology,can,be,gradually,applied,to,numerous,application
2,The,technology,can,be,gradually,applied,to,numerous,application
3,this,technology,can,be,gradually,applied,to,numerous,applications
4,their,technology,can,be,gradually,apply,to,numerous,applications
5,The,technology,could,be,-,-,-,-,-
6,The,technology,can,be,glad,to,be,applied,to
7,text,Knology,can,be,Godly,at,Pike,in,numeral
8,The,technology,can,be,glad,to,reapply,to,numerous
